,created,text,location,hashtags,location#
0,2019-10-31 18:18:20,Nigga ain‚Äôt got nun but some Roman Noodles for them jits,,[],0
1,2019-10-31 18:10:53,"@RealAssJB üòÇ I‚Äôm at work reading this shit, I done fucked around an said ‚Äúwipe me down‚Äù lady talm bout excuse me üòÇüòÇüò≠",,[],0
2,2019-10-31 18:09:01,@armasylvia @JoeyINTL @catturd2 You are proof of the level of stupidity of Trump supporters. You just responded to‚Ä¶ https://t.co/rxPV2MW6kA,,[],0
3,2019-10-31 18:06:30,I‚Äôm cool on her I done had her... üòé,,[],0
4,2019-10-31 18:02:26,@aschuler_ny @AnnCoulter I was going to say she must be off her meds!,,[],0
5,2019-10-31 18:01:11,@gbfromoc @AnnCoulter I like you Jay B,,[],0
6,2019-10-31 17:39:17,@lenapple @realDonaldTrump Copy that,,[],0
7,2019-10-31 17:38:45,@bryanbehar And now he is bribing and extorting Senate Republicans with campaign cash donations in exchange for the‚Ä¶ https://t.co/tOZjwQv2s1,,[],0
8,2019-10-31 17:31:13,Her vocal range is amazing! Listening to her sing gave me another reason of why I‚Äôm so proud to be the Principal of‚Ä¶ https://t.co/hZI7hu8NkU,,[],0
9,2019-10-31 17:26:41,"@MiamiHerald @AP Billion currency me too,Mr. Dizenzo",,[],0
10,2019-10-31 17:19:06,Did you know 300 million lbs of fresh produce rots in the fields in #Florida while we have #hunger and‚Ä¶ https://t.co/yujWVBlIpX,,"[Hashtag(Text='Florida'), Hashtag(Text='hunger')]",0
11,2019-10-31 16:37:23,This is so telling. If she really thinks there‚Äôs nothing wrong with what he did then why not just say so?‚Ä¶ https://t.co/WLS2cFsqIC,,[],0
12,2019-10-31 16:32:41,@lizcheney_WY Why didn‚Äôt you mention the fact that #moscowmitch has hundreds of bills in his graveyard when you tal‚Ä¶ https://t.co/0CBzPEmx4e,,[Hashtag(Text='moscowmitch')],0
13,2019-10-31 15:33:56,Cheese Danish from Starbucks so good,,[],0
14,2019-10-31 15:07:41,Para Myke Towers** https://t.co/5HBfEabzBy,,[],0
15,2019-10-31 14:39:57,@FoxNews is unwatchable right now with with left wing Chris Wallace providing commentary. Can he be more biased aga‚Ä¶ https://t.co/JALlJWmDaT,,[],0
16,2019-10-31 12:48:34,"@blue_coming @realDonaldTrump Big Deal, The NBA are un-American. They knock this County that made them Multi Millio‚Ä¶ https://t.co/9hPbvh0vBT",,[],0
17,2019-10-31 12:44:47,@parapitt @RealCandaceO You lie!,,[],0
18,2019-10-31 12:43:44,"@acephalelephant @Michael37421617 @WayneDupreeShow Just do it, stop talking about it",,[],0
19,2019-10-31 10:27:40,"@EBJunkies @moneymetalcakes @GlassJoeJP @drabtshirt @JunksRadio  As a life long die-hard RedSox fan, my earliest me‚Ä¶ https://t.co/O06G7Bfdlg",,[],0
20,2019-10-31 05:16:15,@KatieHill4CA @BradleyWhitford @cspan I think you should reconsider considering Papadopolous set you up!!,,[],0
21,2019-10-31 05:15:08,@BarbMcQuade Even if it were true...SO WHAT??!! Does the way you catch the murderer change the fact that he KILLED‚Ä¶ https://t.co/bMOWHrbMhB,,[],0
22,2019-10-31 05:01:00,@MeghanMcCain @GMA Not hard enough,,[],0
23,2019-10-31 04:23:39,@EBJunkies @granthpaulsen @MikeWiseguy @funnydanny @DanHellie Those of us still awake already know this attached su‚Ä¶ https://t.co/JjGOYmaxtm,,[],0
24,2019-10-31 03:54:12,Woot Woot https://t.co/IOYcsTw9Xs,,[],0
25,2019-10-31 03:16:48,@NickTurturro1 As @Yankees fans you know you already have.,,[],0
26,2019-10-31 03:13:18,@IslesMarriott @Kmarkobarstool But they're still dead! #vivalastool #saturdaysarefortheboys https://t.co/nvMLNZFccg,,"[Hashtag(Text='vivalastool'), Hashtag(Text='saturdaysarefortheboys')]",0
27,2019-10-31 02:35:27,@stoolpresidente @laurawags One Wags...... everyone knows the tool! #vivalastool,,[Hashtag(Text='vivalastool')],0
28,2019-10-31 02:17:55,@FSUFootball up next üç¢ https://t.co/U3Txglp3xt,,[],0
29,2019-10-31 01:47:50,Sames! https://t.co/5zCk4ue7xn,,[],0
30,2019-10-31 01:28:56,Just got out of @jojorabbitmovie and it's legitimately one of the best movies I've seen this year. Outside of his c‚Ä¶ https://t.co/72JukKfe4d,,[],0
31,2019-10-31 01:26:27,@Naannzzz Idk why I've never tried it before,,[],0
32,2019-10-30 23:18:20,"Thank you School Board Member, Karen Brill, for coming to West Boca Raton High School! Our students appreciated you‚Ä¶ https://t.co/gEkGlHdKF7",,[],0
33,2019-10-30 23:17:15,@marklutchman Happy to see someone else loves Jesus,,[],0
34,2019-10-30 22:59:45,"stay low she on her own thing @ Kenco Ranch, Delray Beach, Florida https://t.co/KisWe6aSUg","{'type': 'Point', 'coordinates': [26.43399398, -80.19259408]}",[],0
35,2019-10-30 22:55:07,Glorious Day!!!! https://t.co/Mm1arxWsHW,,[],0
36,2019-10-30 20:32:04,@broadwaycom Margaret Hamilton.,,[],0
37,2019-10-30 19:47:33,What kindness and love! My 50th was amazing!! üéÇüéâüçæü•∞ https://t.co/vcmbSnHFYt,,[],0
38,2019-10-30 17:03:13,"@ToyotaMotorCorp Hurry up second time, hurry up, Mr.Dizenzo",,[],0
39,2019-10-30 15:21:29,"Don't be shy. Score a job like ""Hair Stylist - 02405 - HC Lakeside Square at Loggers Run"" at Hair Cuttery Salon by‚Ä¶ https://t.co/y1ztJm9UcX","{'type': 'Point', 'coordinates': [26.348932, -80.2331795]}",[],0
40,2019-10-30 14:17:11,@adamcarolla They‚Äôre all funny,,[],0
41,2019-10-30 14:13:17,Retweet this folks. It benefits veterans. https://t.co/MjdRNDCacZ,,[],0
42,2019-10-30 14:11:56,@DaleJr @ToddGilliland_ @KyleBusch Holy shit. I love Dale Jr. even more now. greatest response EVER,,[],0
43,2019-10-30 10:32:07,Hate the cold weather!!!,,[],0
44,2019-10-30 03:36:18,@DanHellie TONY TWO BAGS!! I. LOVE. YOU!!! ( PAY th‚ÄôMAN!!!) 7-2  NATS!!! 2 run 9th inning insurance double at his hometown!!,,[],0
45,2019-10-30 03:36:10,@GlassJoeJP TONY TWO BAGS!! I. LOVE. YOU!!! ( PAY th‚ÄôMAN!!!) 7-2  NATS!!! 2 run 9th inning insurance double at his hometown!!,,[],0
46,2019-10-30 03:35:54,@1067theFan TONY TWO BAGS!! I. LOVE. YOU!!! ( PAY th‚ÄôMAN!!!) 7-2  NATS!!! 2 run 9th inning insurance double at his hometown!!,,[],0
47,2019-10-30 03:35:29,@granthpaulsen TONY TWO BAGS!! I. LOVE. YOU!!! ( PAY th‚ÄôMAN!!!) 7-2  NATS!!! 2 run 9th inning insurance double at his hometown!!,,[],0
48,2019-10-30 03:28:32,School Punishment: Your Child's Legal Rights Without an IEP https://t.co/Jvt4kClQ9k,,[],0
49,2019-10-30 03:03:01,"@granthpaulsen WELL PUT, PAL!",,[],0
50,2019-10-30 02:53:35,@moneymetalcakes SUCH. A.  HORSESHIT CALL!  Text book by Trea!!!!!,,[],0
51,2019-10-30 02:47:23,@DanHellie Buck annoys me : MLB &amp; NFL. Get Hellie in there!!!,,[],0
52,2019-10-30 02:46:05,@czabe @bretradio Buck has ALWAYS annoyed the s@&amp;$t outta me. MLB &amp; NFL!!,,[],0
53,2019-10-30 02:44:58,@1067theFan ...and Buck annoys the sh@&amp; outta me!!!!,,[],0
54,2019-10-30 02:42:50,@granthpaulsen STRASS!!!!!!,,[],0
55,2019-10-30 02:42:29,@EBJunkies STRASS!!,,[],0
56,2019-10-30 02:40:14,Im literally gonna drug tf outta myself tomorrow because there is absolutely no way I can handle a 12 hour flight w‚Ä¶ https://t.co/Gcwl0QI7zR,,[],0
57,2019-10-30 02:34:40,@granthpaulsen KEEP. HIM. IN !!!!,,[],0
58,2019-10-30 02:33:41,"@EBJunkies that was a 1-5-6 infield out, EB ü§°ü§°ü§° Nailbiter nonetheless!!",,[],0
59,2019-10-30 02:32:25,Whoever got me sick a day before my Vacation your mom is a HOE,,[],0
60,2019-10-30 02:31:53,I am so proud of @OmniMiddle1 Omni‚Äôs science department and our students. We all worked so hard and our students pr‚Ä¶ https://t.co/K1ic6rKQDZ,,[],0
61,2019-10-30 02:20:19,@granthpaulsen Keep him in till HE says so!! ALL HANDS!!!!,,[],0
62,2019-10-30 02:19:06,@EBJunkies Big toofed terror!! EVERY time he‚Äôs up!!!!,,[],0
63,2019-10-30 02:17:51,@EBJunkies Keep him on till HE says so!! ALL HANDS!!!!,,[],0
64,2019-10-30 01:50:48,Snipear en Crossfire y Killhouse &gt;&gt;&gt;,,[],0
65,2019-10-30 00:57:50,@fred_guttenberg Right on Fred!,,[],0
66,2019-10-30 00:53:44,@ProudResister Well said,,[],0
67,2019-10-30 00:52:19,"@mmpadellan @NicolleDWallace Saw it, loved it.",,[],0
68,2019-10-30 00:49:00,@funder Well said! He died not deserve to receive taxpayers hard earned money to NOT work for the taxpayers and he‚Ä¶ https://t.co/FysEdAMuOS,,[],0
69,2019-10-30 00:48:34,"Super Hero Day with a Super K Girl‚ù£Ô∏èü¶á ü¶∏‚Äç‚ôÄÔ∏è 

@rosies_ranch @SPESleader @ShineonSPES @KristinMenschel https://t.co/hsTrtDBZJR",,[],0
70,2019-10-30 00:33:46,When you got your @festivaltortuga tickets for April and know you will be seeing @coleswindell in 2020 https://t.co/IMeeCQEfe4,,[],0
71,2019-10-30 00:11:08,@zacbrownband Come back down to South Florida!!! ‚ù§Ô∏èüé∂‚ù§Ô∏è,,[],0
72,2019-10-30 00:09:13,@coleswindell @LukeBryanOnline @JonTLangston ‚ù§Ô∏è‚ù§Ô∏è‚ù§Ô∏è Best Concert this summer!!!,,[],0
73,2019-10-29 23:46:58,@CaitlinCotner for scouty!! https://t.co/4KuWg0ftMu,,[],0
74,2019-10-29 23:01:45,Im in so much pain ... and I can‚Äôt go home,,[],0
75,2019-10-29 21:30:48,"""Every one of those small improvements to any component in your system architecture will add up. Make enough small‚Ä¶ https://t.co/75dCJdbrpQ",,[],0
76,2019-10-29 18:35:35,See a virtual tour of my listing on 10496 Milburn Lane #BocaRaton #FL  #realestate https://t.co/6PHySFFset https://t.co/eIjSYTLyUN,"{'type': 'Point', 'coordinates': [26.3902, -80.2114]}","[Hashtag(Text='BocaRaton'), Hashtag(Text='FL'), Hashtag(Text='realestate')]",0
77,2019-10-29 16:48:22,You realize and appreciate a lot of shit as you get older,,[],0
78,2019-10-29 16:27:02,"@ProMusicRights What‚Äôs this , a candidate for your debt portfolio?",,[],0
79,2019-10-29 16:17:24,Caught a glimpse of the new #TurfStrap green technology on #mondaynightfootball ! https://t.co/X9n86e5nW0,,"[Hashtag(Text='TurfStrap'), Hashtag(Text='mondaynightfootball')]",0
80,2019-10-29 15:40:27,See a virtual tour of my listing on 10496 Milburn Lane #BocaRaton #FL  #realestate https://t.co/du5mMrWlc1 https://t.co/74tMS2gZRM,"{'type': 'Point', 'coordinates': [26.3902, -80.2114]}","[Hashtag(Text='BocaRaton'), Hashtag(Text='FL'), Hashtag(Text='realestate')]",0
81,2019-10-29 14:55:04,"For Halloween, I am going as Bill Murray in Osmosis Jones. That is how I am feeling rn. https://t.co/U9OmksyCsE",,[],0
82,2019-10-29 13:29:43,‚ÄúHey Big Boy...how‚Äôs things here in the Everglades on this fine morning?‚Äù üëÄ #floridaeverglades @ Florida Everglades https://t.co/OlQUomlEGm,"{'type': 'Point', 'coordinates': [26.437885, -80.61795646]}",[Hashtag(Text='floridaeverglades')],0
83,2019-10-29 13:28:16,"@RepMarkMeadows @realDonaldTrump Wait, what? How can that be? You just broke the law and made fools of yourselves b‚Ä¶ https://t.co/EF72KCNftI",,[],0
84,2019-10-29 13:24:38,"‚Äúwho‚Äôs zed?‚Äù
‚Äú@zedsdead baby‚Äù https://t.co/L5MkjrNF12",,[],0
85,2019-10-29 12:29:30,‚ÄúArt n‚Äô Argument‚Äù in Ms. Rubin‚Äôs AP Capstone Class! @pbcsd @southPbcsd West Boca High School https://t.co/d873jTHEQu,,[],0
86,2019-10-29 11:40:02,#tuesdaytransformation when your client adds her own spin to the #workoutüôåüèºüí™üèº#peakhealth360 #fitfam #fitfluencer‚Ä¶ https://t.co/aKcTg8Zboj,"{'type': 'Point', 'coordinates': [26.41215, -80.20255]}","[Hashtag(Text='tuesdaytransformation'), Hashtag(Text='workout'), Hashtag(Text='peakhealth360'), Hashtag(Text='fitfam'), Hashtag(Text='fitfluencer')]",0
87,2019-10-29 04:26:15,i love when adobebobe opened for @clairo,,[],0
88,2019-10-29 03:10:06,So perfectly aligned with my grad students thoughts tonight‚Äîwhat‚Äôs essential when we deliver interventions with fid‚Ä¶ https://t.co/w0huG7FxLO,,[],0
89,2019-10-29 01:35:40,Dogs are so smart https://t.co/ls2LIXKQs1 https://t.co/8M9nIKeCJp,,[],0
90,2019-10-29 01:30:19,"Hey, they changed the Whistle Blower document to fit their crimes so let‚Äôs change the Punishment to firing squad to‚Ä¶ https://t.co/SbKVY8Hlm5",,[],0
0,2019-10-30 00:01:25,Ilhan Omar‚Äôs failure to vote for the Armenian Genocide recognition resolution has everything to do with her respect‚Ä¶ https://t.co/9hee1mUcdK,,[],3
1,2019-10-27 21:11:03,Special night at Colonial CC for Jenkins Medal of Excellence in Sportswriting! Celebrated great writing &amp; dear frie‚Ä¶ https://t.co/vvz1SBUz2F,,[],3
2,2019-10-31 18:22:27,@MsColleenCarney @AVID4College @CWood_Eagles I heard you visited my little mini today at Crestwood! Fun!,,[],3
3,2019-10-31 18:17:53,"@andylassner Do good. Next year, you should wear a GoPro.",,[],3
0,2019-10-31 16:53:08,"@BeckyLynchWWE that photo  needs  to be a painting.
paging @robschamberger",,[],4
1,2019-10-31 16:47:51,@TheRock What do you not do @TheRock ?,,[],4
2,2019-10-31 15:12:04,@liekk8 @chillout_smo They been popping out all year,,[],4
3,2019-10-31 12:26:20,ü§´ @ Julie's &amp; Company https://t.co/GnCjxF5URA,"{'type': 'Point', 'coordinates': [31.5347706, -82.4651674]}",[],4
4,2019-10-31 04:17:58,@soso_cambo Watch out beanyüòÇ,,[],4
5,2019-10-31 01:36:56,I must gotta go kidnap him or what ü§îü§∑üèΩ‚Äç‚ôÄÔ∏è,,[],4
6,2019-10-30 21:33:54,I done showered &amp; now I‚Äôm in bed!,,[],4
7,2019-10-30 21:33:40,My sister took the girls with her üôåüèΩ,,[],4
8,2019-10-30 21:33:19,My feet &amp; back hurt,,[],4
9,2019-10-30 21:33:10,I‚Äôm mfn tied üò©,,[],4
10,2019-10-30 14:25:10,Gdm! Have a wonderful Wednesday!! https://t.co/0M2NZdoUsI,"{'type': 'Point', 'coordinates': [31.5445935, -82.5319838]}",[],4
11,2019-10-28 23:51:55,@soso_cambo @TesharraLeann3 So abusiveüòÇ,,[],4
12,2019-10-28 16:49:01,"Nervous to apply for a job like ""LEAD SALES ASSOCIATE-PT in BRISTOL, GA"" at Dollar General Corporation? Apply even‚Ä¶ https://t.co/iXM78dD9ZZ","{'type': 'Point', 'coordinates': [31.4475482, -82.2155817]}",[],4
13,2019-10-28 16:10:31,"Come in and see us! We have fresh baked bread and homemade cheese spread!!! Stop in and grab a loaf today! ‚ù§üçûüßÄ

We‚Ä¶ https://t.co/ojIfiTqq9B","{'type': 'Point', 'coordinates': [31.5347706, -82.4651674]}",[],4
14,2019-10-28 14:02:50,@jdquinn97 @SummerDay111 Praying bro,,[],4
15,2019-10-28 07:50:36,I cast my Heisman ballot for #JoeBurrow! Click the player you think deserves the Heisman House vote. (üìç@NissanUSA),,[Hashtag(Text='JoeBurrow')],4
16,2019-10-28 07:14:05,Go crazy!! https://t.co/7gumiGk6pt,,[],4
17,2019-10-28 07:09:08,Folks be pillow talking still,,[],4
18,2019-10-28 03:31:49,"Love my sweet baby girls üíïüíï #tooprecious #lovelovemygrands #funwweekend #Blocktober @ Alma, Georgia https://t.co/sWHbDYz8QZ","{'type': 'Point', 'coordinates': [31.5415, -82.4667]}","[Hashtag(Text='tooprecious'), Hashtag(Text='lovelovemygrands'), Hashtag(Text='funwweekend'), Hashtag(Text='Blocktober')]",4
0,2019-10-31 15:38:07,@RepAdamSchiff You are such an idiot. And such a liar. You are such a low person.  You are as low as a rattlesnakes‚Ä¶ https://t.co/7yYrEIa3kQ,,[],6
1,2019-10-31 14:43:33,@SpeakerPelosi Listen to this ‚Äò https://t.co/vUFWoOqxIY,,[],6
2,2019-10-31 07:00:35,Just got home from my hair appointment that started at 4 pm ü§£ü§∑‚Äç‚ôÄÔ∏è,,[],6
3,2019-10-31 06:59:50,"Them bitches who are always liking your mans shit, girl I see you &amp; you better ask somebody about me ü§£ü§∑‚Äç‚ôÄÔ∏è I aint the one üßê",,[],6
4,2019-10-30 22:00:43,"Join the Dollar General Corporation team! See our latest #Retail job openings, including ""STORE MANAGER CANDIDATE"",‚Ä¶ https://t.co/rfDWNkrKUV","{'type': 'Point', 'coordinates': [36.7341684, -108.3598009]}",[Hashtag(Text='Retail')],6
5,2019-10-30 07:32:52,i just want some good music and shutdown,,[],6
6,2019-10-30 03:56:25,ohhshhhiii https://t.co/m8FYhZI4X8,,[],6
7,2019-10-30 02:56:29,"We need more, surplus might be beneficial https://t.co/Lcsw5RvQFs",,[],6
8,2019-10-30 02:54:57,Fuck Facebook,,[],6
9,2019-10-29 13:59:10,"Can you recommend anyone for this job? Intermediate Strategic Planning Program Analyst - https://t.co/piY04vcLd7 #Kirtland, NM #Cyber","{'type': 'Point', 'coordinates': [36.7341684, -108.3598009]}","[Hashtag(Text='Kirtland'), Hashtag(Text='Cyber')]",6
10,2019-10-29 07:55:11,"a week with godfather | Kirtland, NM https://t.co/PqMI2SwpyM",,[],6
11,2019-10-29 05:23:44,Pouya keeps tweeting &amp; im seeing his posts about the shows especially on Instagram &amp; bitch I‚Äôm still hurt. I NEED t‚Ä¶ https://t.co/9rCwKferML,,[],6
12,2019-10-29 04:36:00,"At 7:00 AM MDT, 4 SSE Kirtland [San Juan Co, NM] CO-OP OBSERVER reports SNOW of 1.30 INCH https://t.co/hNYIcQYyND","{'type': 'Point', 'coordinates': [36.69, -108.31]}",[],6
13,2019-10-29 03:03:13,EVERYDAY 7:40 TANGINAAAAAHHHHHHHHHHHHHHHHH!!!!!!,,[],6
14,2019-10-29 01:40:40,stay safe everyone üôèüèªüôèüèª,,[],6
15,2019-10-28 21:58:52,"Want to work at Allied Universal? We‚Äôre hiring in Waterflow, NM! Click for more information:‚Ä¶ https://t.co/6sNGPVl0DN","{'type': 'Point', 'coordinates': [36.760157, -108.4942722]}",[],6
16,2019-10-28 15:39:42,"At 7:00 AM MDT, 4 SSE Kirtland [San Juan Co, NM] CO-OP OBSERVER reports SNOW of 1.30 INCH https://t.co/hNYIcQYyND","{'type': 'Point', 'coordinates': [36.69, -108.31]}",[],6
17,2019-10-28 10:10:51,gonna edit tom hehe goodnight,,[],6
18,2019-10-28 08:51:07,@pascualtheaaa_ discipline.. hapit na mktg wars HAHAHA go Theeey,,[],6
0,2019-10-29 13:29:43,‚ÄúHey Big Boy...how‚Äôs things here in the Everglades on this fine morning?‚Äù üëÄ #floridaeverglades @ Florida Everglades https://t.co/OlQUomlEGm,"{'type': 'Point', 'coordinates': [26.437885, -80.61795646]}",[Hashtag(Text='floridaeverglades')],7
1,2019-10-25 14:18:51,On my way Fam... https://t.co/ACmH5dJnpa,,[],7
2,2019-10-24 20:19:53,I'm at 27-south https://t.co/5qIk1rfNV7,"{'type': 'Point', 'coordinates': [26.50789861, -80.67200026]}",[],7
3,2019-10-24 20:19:42,"I'm at Florida Everglades in Glades, FL https://t.co/0NfKflRmnV","{'type': 'Point', 'coordinates': [26.437885, -80.61795646]}",[],7
0,2019-10-31 01:53:58,#AEWDynamite üß® lets go #SCU!!!! @AEWonTNT,,"[Hashtag(Text='AEWDynamite'), Hashtag(Text='SCU')]",8
1,2019-10-31 18:25:45,Anybody have a soccer ball,,[],8
2,2019-10-31 18:25:39,Mood this whole weekend https://t.co/ehP1iN3b5D,,[],8
3,2019-10-31 18:25:11,shoutout @ResellAIO for the resell day event. hope i can win some nice free stuff üìà #ResellDay,,[Hashtag(Text='ResellDay')],8
4,2019-10-31 18:24:42,"@olivia0245 Jr. is the definition of a fool. He's a sad human being, totally dependent on an evil despot and unable to think for himself.",,[],8
5,2019-10-31 18:15:24,when i tell u he's the loml ü•µ https://t.co/TZi0m4JhUU,,[],8
6,2019-10-31 18:08:10,"@bat__flower quote of the day:

""My poop smells like whiskey.""",,[],8
7,2019-10-31 18:05:51,"Happy Halloween! Come try our newest #CocktailoftheWeek, Lovecraft‚Äôs Lament with Gosling‚Äôs Black Rum, Siesta Key Co‚Ä¶ https://t.co/FX8w1jlKDu",,[Hashtag(Text='CocktailoftheWeek')],8
8,2019-10-31 18:02:46,"Can you recommend anyone for this #EventsMarketing job in #Cocoa, FL? Click the link in our bio to see it and more.‚Ä¶ https://t.co/sOGtNYENWP","{'type': 'Point', 'coordinates': [28.3861159, -80.7419984]}","[Hashtag(Text='EventsMarketing'), Hashtag(Text='Cocoa')]",8
9,2019-10-31 17:44:03,@King_Rnh Video of you throwing up in a bag loading...,,[],8
10,2019-10-31 17:43:51,@democracynow I want 2 thank every1 at Democracy Now 4 the especially excellent show 2day. TY for being 1 of the fe‚Ä¶ https://t.co/qt6EryHIYB,,[],8
11,2019-10-31 17:43:43,@amarikpj Lmao He gone be throwing up in a bag later today,,[],8
12,2019-10-31 17:38:49,how i go from making 9.25 to making 8.46?? ive been played,,[],8
13,2019-10-31 17:38:07,@democracynow specially excellent show today,,[],8
14,2019-10-31 17:33:37,retail therapy is so real like why do i get a serotonin boost off draining my wallet,,[],8
15,2019-10-31 17:33:32,Tonight is my final adventure to HHN for 2019. What a confusing feeling. https://t.co/n7MjLgxtM2,,[],8
16,2019-10-31 17:33:17,@netip0t cawk deestroya,,[],8
17,2019-10-31 17:32:49,@CashApp #cashapphalloween I need a creative costume for me and my dog. I‚Äôm thinking Starsky and Hutch. @pyronate1  $rastaboss,,[Hashtag(Text='cashapphalloween')],8
18,2019-10-31 17:32:22,yeah i have no money. yeah i went shopping anyways.,,[],8
19,2019-10-31 17:27:13,This why he‚Äôs my favorite player cause I have that same mentality https://t.co/FXRoetIhzd,,[],8
20,2019-10-31 17:26:47,I love this! https://t.co/HOmtq4a3td,,[],8
21,2019-10-31 17:19:51,no ITS NOT me!! can yall PPEASE report the account @onacasella23 PLS https://t.co/ZiFBqsvZNp,,[],8
22,2019-10-31 17:07:43,"Cheshire Grin üê±üòÅ Get ready üòò

#AmberNorell #halloween #halloweencostume #halloweencostume @ Orlando Forida https://t.co/F5FtG6TEHa","{'type': 'Point', 'coordinates': [28.54686, -81.20981]}","[Hashtag(Text='AmberNorell'), Hashtag(Text='halloween'), Hashtag(Text='halloweencostume'), Hashtag(Text='halloweencostume')]",8
23,2019-10-31 16:56:48,@DaddyJonah Love FL weather!! ‚òÄÔ∏è,,[],8
24,2019-10-31 16:50:37,Whhhhaaat thats awesome! https://t.co/DLBYd6fmXb,,[],8
25,2019-10-31 16:46:49,Happy spoops day üéÉ,,[],8
26,2019-10-31 16:46:15,@HerbArndt We're seeing a whole political party selling their very souls and morality to protect a monster like Tru‚Ä¶ https://t.co/0viUVzEvhf,,[],8
27,2019-10-31 16:45:48,Little things matter. A fan of the Panther spots podcast sent me a care they didn't send any bud but they did get m‚Ä¶ https://t.co/1LF9iLAcxX,"{'type': 'Point', 'coordinates': [28.5538418, -81.1674444]}",[],8
28,2019-10-31 16:41:30,@westcoasthubb my partner @jimmymackin speaks highly of you. I just sent you a message on LinkedIn and would love to connect.,,[],8
29,2019-10-31 16:40:32,they really did that https://t.co/zPdqjrXQ9F,,[],8
30,2019-10-31 16:27:09,It literally feels like yesterday that this song would come on radio and both my parents would sit there screaming‚Ä¶ https://t.co/tfkFsgeAPn,,[],8
31,2019-10-31 16:27:04,@outisnbdy Aiiiiiight g,,[],8
32,2019-10-31 16:27:03,"@SalemArtStudio It's ok, tomorrow is the first day of Halloween 2020!",,[],8
33,2019-10-31 16:24:36,@GeorgeTakei I REALLY want you to do it. Please. ü§£,,[],8
34,2019-10-31 16:21:17,This nigga Claude FaceTimed this morning taking shots of don Julio ü§¶üèæ‚Äç‚ôÇÔ∏è his mind..,,[],8
35,2019-10-31 16:12:38,@Anon16546811 @wpbal1 @AlexNBCNews Tulsi is a represenative and I'm pretty sure she voted yes because she's not one of the two listed.,,[],8
36,2019-10-31 16:07:25,"#HappyHalloween from #HalloweenHorrorNights @UniversalORL #Orlando #Florida

#HappyHalloween2019 @ Halloween Horror‚Ä¶ https://t.co/p8mYBqQ9CG",,"[Hashtag(Text='HappyHalloween'), Hashtag(Text='HalloweenHorrorNights'), Hashtag(Text='Orlando'), Hashtag(Text='Florida'), Hashtag(Text='HappyHalloween2019')]",8
37,2019-10-31 15:56:44,Happy Halloween!!,,[],8
38,2019-10-31 15:50:37,"La temperatura de lo mas nice and what do i find? üòÑ#horses #beauty @ East Orlando Estates, Orlando, Florida https://t.co/ul41KTxQ7N","{'type': 'Point', 'coordinates': [28.57351844, -81.10430489]}","[Hashtag(Text='horses'), Hashtag(Text='beauty')]",8
0,2019-10-28 23:47:40,"Don't be shy. Score a job like ""ASST STORE MGR in LA GRANGE, CA"" at Dollar General Corporation by asking for referr‚Ä¶ https://t.co/Jo4yyktKDA","{'type': 'Point', 'coordinates': [37.683729, -120.329851]}",[],12
1,2019-10-28 14:23:22,Just posted a video @ Lake Don Pedro https://t.co/yyogXem1xr,"{'type': 'Point', 'coordinates': [37.71367263, -120.34860386]}",[],12
2,2019-10-26 21:52:50,Have you ever been gold mining ‚õè ? Well...lamanumangia and I got to shoot and experience the ‚Äúgold rush‚Äù 2019 style‚Ä¶ https://t.co/8X3ke3muhj,"{'type': 'Point', 'coordinates': [37.7106, -120.197]}",[],12
3,2019-10-26 19:56:21,"Now listed!
https://t.co/9557sfi0El @ Lake Don Pedro https://t.co/ub7OL8rWZu","{'type': 'Point', 'coordinates': [37.71367263, -120.34860386]}",[],12
0,2019-10-26 23:48:07,Firefighters lighting back-burns to try to head off #KincadeFire before winds kick up tonight. Fingers-crossed! https://t.co/25MbSRxfU2,,[Hashtag(Text='KincadeFire')],13
1,2019-10-24 12:22:03,We‚Äôre evacuating a few more homes north of Pine Flat Road. #KincadeFire https://t.co/XBf6n4mIHG,,[Hashtag(Text='KincadeFire')],13
2,2019-10-25 20:54:15,10/25 at 1:50 PM. The plume on the peak on the left just got bigger. No new evacs. #KincadeFire https://t.co/MzzoyqokFp,,[Hashtag(Text='KincadeFire')],13
3,2019-10-31 16:58:14,"#KincadeFire üî• unofficial, automated update.
At Geyserville, CA. ‚ö†Ô∏è DO NOT USE FOR SAFETY PURPOSES - See officials‚Ä¶ https://t.co/nMjnrZfybk","{'type': 'Point', 'coordinates': [38.67195117, -122.77646337]}",[Hashtag(Text='KincadeFire')],13
4,2019-10-31 16:21:04,The firefighters did an incredible job of keeping the Kincade Fire losses to a minimum. It is still heartbreaking t‚Ä¶ https://t.co/IMqS1oCyN1,,[],13
5,2019-10-31 16:21:04,Our chef needs a few days to focus on helping feed firefighters before he turns attention on restocking the kitchen‚Ä¶ https://t.co/azetZPY70A,,[],13
6,2019-10-31 16:21:03,"It will, however, take a few more days before we can host private tasting experiences and overnight stays for our J‚Ä¶ https://t.co/EBClxJa5nc",,[],13
7,2019-10-31 15:54:47,"#KincadeFire üî• unofficial, automated update.
At Geyserville, CA. ‚ö†Ô∏è DO NOT USE FOR SAFETY PURPOSES - See officials‚Ä¶ https://t.co/sbUlEGWltx","{'type': 'Point', 'coordinates': [38.67170095, -122.77489293]}",[Hashtag(Text='KincadeFire')],13
8,2019-10-31 14:18:07,"#KincadeFire üî• unofficial, automated update.
At Geyserville, CA. ‚ö†Ô∏è DO NOT USE FOR SAFETY PURPOSES - See officials‚Ä¶ https://t.co/DQ9Vx2Fkcc","{'type': 'Point', 'coordinates': [38.67170095, -122.77489293]}",[Hashtag(Text='KincadeFire')],13
9,2019-10-31 13:12:06,"#KincadeFire üî• unofficial, automated update.
At Geyserville, CA. ‚ö†Ô∏è DO NOT USE FOR SAFETY PURPOSES - See officials‚Ä¶ https://t.co/nJtmqeXtch","{'type': 'Point', 'coordinates': [38.67170095, -122.77489293]}",[Hashtag(Text='KincadeFire')],13
10,2019-10-31 01:12:48,"#KincadeFire üî• unofficial, automated update.
At Geyserville, CA. ‚ö†Ô∏è DO NOT USE FOR SAFETY PURPOSES - See officials‚Ä¶ https://t.co/DSSNeVQu1n","{'type': 'Point', 'coordinates': [38.67170095, -122.77489293]}",[Hashtag(Text='KincadeFire')],13
11,2019-10-30 22:27:07,Kept a close watch on the Kincade Fire before sunset! @ Villa Ca' Toga https://t.co/YlqBe7zNBW,"{'type': 'Point', 'coordinates': [38.5928917, -122.5990982]}",[],13
12,2019-10-30 21:08:48,Our winemaker made it back in. The 2019 wines didn‚Äôt seem to mind a few days alone. Tanks still taste great.‚Ä¶ https://t.co/WWh9kl6UwO,,[],13
13,2019-10-30 19:59:40,A photo posted @sacbee_news by Daniel Kim shows inmate crews walking the fire line and helping to keep‚Ä¶ https://t.co/nxjXq7rpOb,,[],13
14,2019-10-30 19:45:02,#Basia happy to inspect ‚Äúher‚Äù chickens @ Puma Springs Vineyards LLC https://t.co/YH4fYYZvHl,"{'type': 'Point', 'coordinates': [38.65471, -122.88299]}",[Hashtag(Text='Basia')],13
15,2019-10-30 19:43:58,Chickens happy we are home @ Puma Springs Vineyards LLC https://t.co/FZCpkycY3N,"{'type': 'Point', 'coordinates': [38.65471, -122.88299]}",[],13
16,2019-10-30 19:19:54,We love you @hawkeswine Stay strong as see you soon! @ Alexander Valley Commmunity Hall https://t.co/GDpIFVSxyM,"{'type': 'Point', 'coordinates': [38.67680349, -122.83112853]}",[],13
0,2019-10-30 23:18:27,Murr my fur baby sitting pretty for pictures. https://t.co/iDlzNic3ba,,[],15
1,2019-10-30 18:37:43,@KimJohnston @seanfromsylvan I‚Äôll buy you a beer!!   So far just a great community to be a part of.   Can‚Äôt wait to watch WCBL in town,,[],15
2,2019-10-30 18:35:20,@WBrettWilson Just crazy!   We live in a country where we‚Äôd rather buy oil from the Saudis because why?   Their oil is cleaner?‚Äî-dreams,,[],15
0,2019-10-31 18:27:45,"But guess what? Once again anti-hunting legislation has been passed in this state. In this case, the hunting of Bob‚Ä¶ https://t.co/BmIE3su1kG",,[],23
1,2019-10-31 18:27:13,happy halloween @DREAMERSjoinus https://t.co/tcp8crgoMM,,[],23
2,2019-10-31 18:27:08,@RealMattCouch @JulieReichwein1 @atensnut @kbq225 @Therealbp65 @Luckytobeme3 @Oldgloryfighter @FuctupMike @catturd2‚Ä¶ https://t.co/rXcB4TnfvG,,[],23
3,2019-10-31 18:26:52,"""As a hunter, you provide an important dedicated source of funding for management and protection of the state's wil‚Ä¶ https://t.co/qbRBKpPbfW",,[],23
4,2019-10-31 18:24:05,@willchamberlain Didn‚Äôt Nance say she wasn‚Äôt going to impeach if it wasn‚Äôt across party lines ...,,[],23
5,2019-10-31 18:23:32,"@DanDahMan3D @Gizmodo Wait so you‚Äôre saying republicans built nuclear power plants... not democrats... 

Weird isn‚Äô‚Ä¶ https://t.co/apyWyr3BRq",,[],23
6,2019-10-31 18:22:47,Falling asleep. Shit. It's only 11:22am! Lol üòÇ,,[],23
7,2019-10-31 18:22:07,@Cernovich Holy shit - magic.... she slides the syringe out through her arm - what a scam,,[],23
8,2019-10-31 18:20:06,"@stillgray Right in the feels... I‚Äôm in public quit it, you‚Äôre crying I‚Äôm not crying who‚Äôs cryin",,[],23
9,2019-10-31 18:14:04,@CNNPolitics These 2 know what side their breads buttered on. There‚Äôs a problem they are not Republican so hold kno‚Ä¶ https://t.co/8Z8C2m8mRp,,[],23
10,2019-10-31 18:13:46,@fxcknormalityy_ @_chriswolfe You my #1 bby ü•∫üòò‚ù§Ô∏è,,[],23
11,2019-10-31 18:12:42,@CasualGeek_ Hehehe so creepy right,,[],23
12,2019-10-31 18:10:00,"Thank you snapchat for this nightmare.

Who doesn't love giant spiders crawling on your face??ü§î

Happy Halloween! xD https://t.co/wMjfplQOMg",,[],23
13,2019-10-31 18:08:12,"@dovidfeldman Girls: 1
Dad: 0",,[],23
14,2019-10-31 18:07:45,@allie_kay8 Wilson‚Äôs revenge LMAO,,[],23
15,2019-10-31 18:04:29,I. WILL. SEE. GREECE. https://t.co/x4RzePjY79,,[],23
16,2019-10-31 18:04:09,I am so obsessed with this Swedish fish candy üòçüòçü§©,,[],23
17,2019-10-31 18:03:17,@NICKIMINAJ @AppleMusic @Beats1 I‚Äôm so mad that apparently the barbz have no fuckin life and really wanted to vote‚Ä¶ https://t.co/OmffT92CpW,,[],23
18,2019-10-31 18:02:55,To all of you that voted Friday..... ü§¨ü§¨ü§¨ https://t.co/uqMkNWs1fn https://t.co/jgRHvFNBF7,,[],23
19,2019-10-31 18:01:38,"@Atuiolosega As you probably guessed, I am so disgusted with how the Dems are allowed to take our great country &amp; t‚Ä¶ https://t.co/YNMBLASWEP",,[],23
20,2019-10-31 18:00:08,Please join us today from 11:00-2:00 serving delicious lunch before your nighttime festivities! Tonight we will be‚Ä¶ https://t.co/ZZLxl4Rqok,"{'type': 'Point', 'coordinates': [39.73967608, -121.84659276]}",[],23
21,2019-10-31 17:59:25,"Yep, I say never turn dn ice cream even in winter ha ha!!!
Well so dis pic fr last week ... well wat can I say it b‚Ä¶ https://t.co/jQKl6hvH7X",,[],23
0,2019-10-31 18:19:37,"Happy Halloween! We are excited to announce the The Lighthouse is coming to The State Theatre starting Friday, Nove‚Ä¶ https://t.co/VfzQNnMc4X","{'type': 'Point', 'coordinates': [37.64314, -120.99752]}",[],24
1,2019-10-31 18:19:10,@kristamartinez_ How long???,,[],24
2,2019-10-31 18:18:40,No wonder it‚Äôs so good https://t.co/Hl4Cp7ckfL,,[],24
3,2019-10-31 18:16:48,@thisaintbooboo Im staying in the bay tonight üòû,,[],24
4,2019-10-31 18:16:30,Every time tht I see you can‚Äôt lose my composure,,[],24
5,2019-10-31 18:08:20,BREAKING NEWS: CHANNEL UPDATE https://t.co/GyyhjxoTFA,,[],24
6,2019-10-31 18:06:59,"@acustom19 @TheSteinLine Yeah the ""good ole days"" of garbage players who have no redeeming value other than to fight.",,[],24
7,2019-10-31 18:05:12,In 2 days I get to marry my best friend ‚ù§Ô∏è https://t.co/KqKt8d1DuW,,[],24
0,2019-10-31 12:31:05,"#HillSideFire (Update):  Updated map of fire perimeter.  High winds continue in the area, 20-30 mph with gusts up t‚Ä¶ https://t.co/kdYMJuptAg",,[Hashtag(Text='HillSideFire')],26
1,2019-10-31 11:21:28,"#HillsideFire (Update): Mandatory Evacuations have been declared all homes North of 50th, West of Hwy18, &amp; East of‚Ä¶ https://t.co/RnMAOieJiR",,[Hashtag(Text='HillsideFire')],26
2,2019-10-31 18:28:03,@redbeamE The homie just told me this lol I was just asking Kause I didn‚Äôt hear nada bout Debo lol,,[],26
3,2019-10-31 18:27:34,Happy Halloween!üéÉ Y‚Äôall be safe! Have fun! This is the only day you are allowed to overdose on candy üç≠üç¨,,[],26
4,2019-10-31 18:25:34,im literally fucking crying lmao https://t.co/gvf9cZYmc9,,[],26
5,2019-10-31 18:25:25,@WannaBeHeard Lmao i am weak hahaha.,,[],26
6,2019-10-31 18:25:01,@MarisaMRamirez Happy Halloween!! Have fun!!,,[],26
7,2019-10-31 18:24:56,Happy Halloween! https://t.co/s11oBQ6bb8,,[],26
8,2019-10-31 18:24:43,I got uh uh in my mansion,,[],26
9,2019-10-31 18:24:33,What my homies on tonight,,[],26
0,2019-10-31 18:27:19,"@TbullGaming I got von mueller, who I needed desperately because until then I was using Scheer on my cruisers",,[],27
1,2019-10-31 18:26:02,@TbullGaming Congrats man,,[],27
2,2019-10-31 18:25:06,God bless u Georgegambino lickmykamez gym mirror gambino laugh cheat  keeping Thank God lord Amen Holy Hallelujah.‚Ä¶ https://t.co/MjrLmImibE,,[],27
3,2019-10-31 18:24:23,Happy Halloween!üéÉ https://t.co/z9ORWV0wj4,,[],27
4,2019-10-31 18:23:17,@AstroBrute @PoliticalKathy @pewdiepie Where‚Äôd you get kid from,,[],27
5,2019-10-31 18:18:48,Thank you Van Jones Congratulations. .....,,[],27
6,2019-10-31 18:18:20,"I have a wholesome man but if he ever cheat on me imma put nair in his shampoo , try to cheat now caliou . üòå",,[],27
7,2019-10-31 18:17:10,Congratulations @Nationals on your 1st World Series winüèÜ‚öæÔ∏èüî•It was an amazing World Series‚ÄºÔ∏èPick up all your 2019 Wo‚Ä¶ https://t.co/XQakfovqnP,,[],27
8,2019-10-31 18:16:46,Hope so kick out President Trump so no good career person bad act show off kick out president Trump never college law school ? ?,,[],27
9,2019-10-31 18:16:26,"üé∂Well, we must be some zanies &amp; fools
To take a gamble on this love just like we do...üé∂",,[],27
10,2019-10-31 18:13:54,God bless u Georgegambino lickmykamez gym mirror gambino laugh cheat  keeping Thank God lord Amen Holy Hallelujah.‚Ä¶ https://t.co/EUWornpwbN,,[],27
11,2019-10-31 18:11:29,"nowhere to run, nowhere to hide https://t.co/tlhnBo6Pzc",,[],27
12,2019-10-31 18:11:28,God bless u Georgegambino lickmykamez gym mirror gambino laugh cheat  keeping Thank God lord Amen Holy Hallelujah.‚Ä¶ https://t.co/BrGIoFXlaJ,,[],27
13,2019-10-31 18:11:26,"I thought someone was walking behind me clapping, Then I realized it was just this ass üòÖ",,[],27
14,2019-10-31 18:08:42,I just want to go to the summer walker concert,,[],27
15,2019-10-31 17:57:38,you can say I like living on the edge üòàüò§ https://t.co/5E1qm4Mphi,,[],27
16,2019-10-31 17:56:34,"My most recent abstract photography moment.

#abstractphotographer #abstract #abstractexpressionism‚Ä¶ https://t.co/ZHxjXBiPdX","{'type': 'Point', 'coordinates': [32.5367348, -117.0233411]}","[Hashtag(Text='abstractphotographer'), Hashtag(Text='abstract'), Hashtag(Text='abstractexpressionism')]",27
0,2019-10-31 18:02:31,"Live , bien tod@s bien ... https://t.co/d8sEpt37bh",,[],28
1,2019-10-31 18:01:58,"Live , Tod@s ,  bien ... https://t.co/N7mwCRz0Er",,[],28
2,2019-10-31 17:56:26,@DieAlfaro House of cards,,[],28
0,2019-10-26 18:40:26,@HoldemHammers @SeVenJungle @GervaSOAD @KeriosYT @LoGiiLoL *flashback de Vietnam* https://t.co/GRwLtzR0uP,,[],30
1,2019-10-26 05:55:54,@Noragrm Twins,,[],30
0,2019-10-30 07:24:17,@welcomet0nature Gracias! Be sure of your work. Lovely,,[],32
1,2019-10-30 04:46:10,Relieve territorial of The Main Park Houston online live stattion internacional space @adn40 @AispuroDurango https://t.co/IRw8OJ9qcW,,[],32
2,2019-10-29 07:04:21,üòçüëÖüëÖthic mmm https://t.co/SKza8hqXoq,,[],32
3,2019-10-29 03:12:21,@YougleFact Learning to fly?! Pink Floyd ‚Äò94?,,[],32
4,2019-10-29 01:46:15,"I can see what you want me to be, but I'm no fool
It's in the lap of the Gods https://t.co/IafqGROnwh",,[],32
5,2019-10-27 07:09:39,@MaymayAnda Noooooo!! Come back!,,[],32
6,2019-10-27 07:09:24,Wow that was hella fun! #juanitoswedding,,[Hashtag(Text='juanitoswedding')],32
7,2019-10-27 07:02:32,A tomar !!!!!,,[],32
8,2019-10-27 06:53:37,"Amigos, I‚Äôm gone.",,[],32
9,2019-10-27 02:15:00,@_Nopaliz They can be addicting,,[],32
10,2019-10-26 03:09:33,@ESPNDeportes @Lakers Jacko!,,[],32
11,2019-10-24 14:35:11,Literal we https://t.co/0SLw2dRYgP,,[],32
12,2019-10-24 14:08:48,"This world doesnt need no opera, we need it for the operation.",,[],32
13,2019-10-24 13:58:33,Is this love OEMADRIMIN ü§ò,,[],32
14,2019-10-24 13:52:30,"I climb the stage again this night
'Cause the place seems still alive
When the smoke is going down
#Scorpions https://t.co/XwkimcCj7E",,[Hashtag(Text='Scorpions')],32
15,2019-10-24 03:59:42,"And here I go again on my own
Going down the only road I've ever known
Like a drifter I was born to walk alone
And‚Ä¶ https://t.co/lsBp0SzB0q",,[],32
0,2019-10-31 16:29:55,"Happy Halloween! Just a short go this morning, too much on my plate.
#happyhalloweenüéÉüëª 
#RunHappy #RunStronger‚Ä¶ https://t.co/qN2GvWrqZc","{'type': 'Point', 'coordinates': [38.27268854, -112.5]}","[Hashtag(Text='happyhalloween'), Hashtag(Text='RunHappy'), Hashtag(Text='RunStronger')]",34
1,2019-10-30 19:04:56,"25¬∞ now is a far cry better than the 11¬∞ at 7 this morning... Still, I forget how much the cold air affects my abil‚Ä¶ https://t.co/K7zhlEvU5I","{'type': 'Point', 'coordinates': [38.27268854, -112.5]}",[],34
2,2019-10-30 03:48:29,The string of victims is getting longer... @ The Gibson House https://t.co/yCcIRid6CU,"{'type': 'Point', 'coordinates': [38.27268854, -112.5]}",[],34
3,2019-10-28 14:43:42,"Ran home after dropping the car off at the mechanic... All up hill, slow climb.
#RunHappy #RunStronger‚Ä¶ https://t.co/rflF1twJBj","{'type': 'Point', 'coordinates': [38.27268854, -112.5]}","[Hashtag(Text='RunHappy'), Hashtag(Text='RunStronger')]",34
4,2019-10-28 04:47:53,Just posted a photo @ The Gibson House https://t.co/6lIg3q6LoT,"{'type': 'Point', 'coordinates': [38.27268854, -112.5]}",[],34
5,2019-10-27 18:06:51,Just posted a photo @ The Gibson House https://t.co/zmcaAsQxJI,"{'type': 'Point', 'coordinates': [38.27268854, -112.5]}",[],34
6,2019-10-26 23:58:26,"SUU Hall of Fame class of 2019; Coach Jack Bishop, all-american gymnist Cindy Peterson, golf stand out Zach Johnson‚Ä¶ https://t.co/VSL6vvGwOc",,[],34
7,2019-10-26 23:50:48,"Complete game! 10 point dog at home, keep it going at MSU! https://t.co/9jO0GHDRRm",,[],34
8,2019-10-26 23:08:36,Probably not the best idea before a 3 hour drive https://t.co/oZoqxKg8Zm,,[],34
9,2019-10-26 22:59:49,The volleyball team beat Merit College Preparatory 3-1 today in the first round of the 2A playoffs. They will proce‚Ä¶ https://t.co/cLHpFfWEms,,[],34
10,2019-10-26 20:29:02,"@Emerantura 8 PM kickoffs are brutal when you live in Southern Utah and you have to drive home after the game, but‚Ä¶ https://t.co/PrNPzZtQaa",,[],34
11,2019-10-26 18:13:28,"#crackedwheat cereal, or Lovely Mush as my grandmother would call it, is a comfort food for my breakfast...‚Ä¶ https://t.co/Pq7Euifox7","{'type': 'Point', 'coordinates': [38.27268854, -112.5]}",[Hashtag(Text='crackedwheat')],34
12,2019-10-26 16:31:22,"Hill repeats today meant slow but tough run... It won't be a lazy weekend this time, too much to do.‚Ä¶ https://t.co/y8sHpW09ll","{'type': 'Point', 'coordinates': [38.27268854, -112.5]}",[],34
13,2019-10-25 15:27:42,Don‚Äôt forget to head out to the Haunted Barn today and tomorrow night to support the wrestlers.,,[],34
14,2019-10-25 13:51:01,"#5kF got a short run in this morning! It's starting to get colder. 
#ExceedTheCouch #RunHappy #RunStronger @ The Gi‚Ä¶ https://t.co/u9sZHYKPia","{'type': 'Point', 'coordinates': [38.27268854, -112.5]}","[Hashtag(Text='5kF'), Hashtag(Text='ExceedTheCouch'), Hashtag(Text='RunHappy'), Hashtag(Text='RunStronger')]",34
15,2019-10-24 23:44:08,"#SkullFlat2Fire üî• unofficial, automated update.
~7mi ENE of Beaver, UT. ‚ö†Ô∏è DO NOT USE FOR SAFETY PURPOSES - See off‚Ä¶ https://t.co/l7DwVbVcqX","{'type': 'Point', 'coordinates': [38.31153346, -112.49872915]}",[Hashtag(Text='SkullFlat2Fire')],34
16,2019-10-24 22:45:18,I ‚ù§ Beaver.,,[],34
17,2019-10-24 14:27:22,"#NoRecords were broken this morning. Just a real push. #HeartBeat racing, #breathedeep and enjoy the morning.‚Ä¶ https://t.co/y9XmDFvLCI","{'type': 'Point', 'coordinates': [38.27268854, -112.5]}","[Hashtag(Text='NoRecords'), Hashtag(Text='HeartBeat'), Hashtag(Text='breathedeep')]",34
18,2019-10-24 05:04:19,Just posted a photo @ The Gibson House https://t.co/udSR0HRzPG,"{'type': 'Point', 'coordinates': [38.27268854, -112.5]}",[],34
19,2019-10-23 14:36:03,"What day is it!!!???!! #humpdayüê™ 

#RunHappy #RunStronger 
#ExceedTheCouch @ The Gibson House https://t.co/gsJluL552Q","{'type': 'Point', 'coordinates': [38.27268854, -112.5]}","[Hashtag(Text='humpday'), Hashtag(Text='RunHappy'), Hashtag(Text='RunStronger'), Hashtag(Text='ExceedTheCouch')]",34
20,2019-10-23 03:52:38,Roasted Red Pepper Parmesan Chicken with sauteed brussel sprouts. That's a pretty decent low carb dinner that was a‚Ä¶ https://t.co/5cNjmdsZfg,"{'type': 'Point', 'coordinates': [38.27268854, -112.5]}",[],34
0,2019-10-29 00:46:43,"Snow needs to go away lol, but I love the way it makes my pictures looks fernwood, Idaho https://t.co/WCKbxkEm1Y","{'type': 'Point', 'coordinates': [47.11222222, -116.39277778]}",[],43
1,2019-10-28 02:51:28,"Finished painting my pumpkin for Halloween this Thursday. Ìï¥Ìîº Ìï†Î°úÏúà is Korean for Happy Halloween. @ Fernwood, Idaho https://t.co/c30wrduQIH","{'type': 'Point', 'coordinates': [47.11222222, -116.39277778]}",[],43
0,2019-10-27 03:34:33,"Successful opening day!!! @ Canyon Creek, Montana https://t.co/WTuAt4BfYy","{'type': 'Point', 'coordinates': [46.80569, -112.25533]}",[],45
1,2019-10-26 08:29:04,"At 10:15 PM MDT, 4 ESE Canyon Creek [Lewis And Clark Co, MT] TRAINED SPOTTER reports NON-TSTM WND GST of E53 MPH. R‚Ä¶ https://t.co/7MVaiQyGs5","{'type': 'Point', 'coordinates': [46.78, -112.19]}",[],45
2,2019-10-25 21:12:44,"At 7:14 AM MDT, 6 SSE Marysville [Lewis And Clark Co, MT] MESONET reports NON-TSTM WND GST of M65 MPH. IRON RIDGE. https://t.co/nHZmvhxncy","{'type': 'Point', 'coordinates': [46.67, -112.26]}",[],45
3,2019-10-23 18:58:05,"At 12:00 PM MDT, 1 WNW Marysville [Lewis And Clark Co, MT] PUBLIC reports HEAVY SNOW of 10.00 INCH. 10 INCHES NEW S‚Ä¶ https://t.co/oBfW8UCF6K","{'type': 'Point', 'coordinates': [46.75, -112.31]}",[],45
4,2019-10-23 18:39:43,"At 12:35 PM MDT, Canyon Creek [Lewis And Clark Co, MT] TRAINED SPOTTER reports SNOW of 6.00 INCH https://t.co/Fidf3BLyiu","{'type': 'Point', 'coordinates': [46.81, -112.27]}",[],45
5,2019-10-23 14:22:27,"At 8:20 AM MDT, 6 SSE Marysville [Lewis And Clark Co, MT] AMATEUR RADIO reports SNOW of 4.00 INCH. HAM RADIO REPORT‚Ä¶ https://t.co/Ix1jtRqqoH","{'type': 'Point', 'coordinates': [46.67, -112.27]}",[],45
0,2019-10-28 17:39:04,"Can you recommend anyone for this #Transportation job in #Dayton, MT? Click the link in our bio to see it and more.‚Ä¶ https://t.co/sKQbwfovji","{'type': 'Point', 'coordinates': [47.8657773, -114.2790121]}","[Hashtag(Text='Transportation'), Hashtag(Text='Dayton')]",48
1,2019-10-24 23:44:51,"Nervous to apply for a job like ""Driver Helper"" at UPS? Apply even if you're not a 100% match. You might be underes‚Ä¶ https://t.co/hrN4GF5R3z","{'type': 'Point', 'coordinates': [47.8657773, -114.2790121]}",[],48
0,2019-10-27 18:55:02,"USGS reports a M0.32 #earthquake 34km NE of Amboy, Washington on 10/27/19 @ 18:19:47 UTC https://t.co/ZbYWIcMmJq #quake","{'type': 'Point', 'coordinates': [46.1095, -122.09916667]}","[Hashtag(Text='earthquake'), Hashtag(Text='quake')]",49
0,2019-10-25 01:09:48,"I will be tattooing at the @MOMProductions NOV 8-10 in Grand Ronde , Oregon .. Looking forward to bringing my Dark‚Ä¶ https://t.co/ezP0cyERT2","{'type': 'Point', 'coordinates': [45.05709, -123.58323]}",[],51
0,2019-10-26 17:55:21,"At 8:20 AM MDT, 2 SE Condon [Missoula Co, MT] COCORAHS reports SNOW of 1.00 INCH. COCORAHS STATION MT-MS-27 CONDON‚Ä¶ https://t.co/WGc05TdVp6","{'type': 'Point', 'coordinates': [47.5, -113.68]}",[],56
0,2019-10-27 23:50:13,@TehFalom @MarieFrRenaud You do realize that it takes about 10 private sector jobs to pay for one public sector job‚Ä¶ https://t.co/gFwfHAx8l5,,[],59
0,2019-10-28 16:20:39,Looking to score a job at Dollar General Corporation? You're in luck. Click the link in our bio for the job descrip‚Ä¶ https://t.co/FGhYR3POXF,"{'type': 'Point', 'coordinates': [44.3832267, -97.5538469]}",[],65
0,2019-10-31 14:37:31,I am looking for a buyer on 306 S Columbus Ave #Cameron #TX  #realestate https://t.co/N0AmPATWex https://t.co/VhFZswhJug,"{'type': 'Point', 'coordinates': [30.853478, -96.995263]}","[Hashtag(Text='Cameron'), Hashtag(Text='TX'), Hashtag(Text='realestate')]",68
1,2019-10-31 05:37:24,at night it‚Äôs when it hits me the hardest cause you‚Äôre not here with me,,[],68
2,2019-10-31 04:36:07,the people we meet are always met at the right time,,[],68
3,2019-10-31 02:09:52,@legendarytrinn Here I am üíÅüèª‚Äç‚ôÄÔ∏è,,[],68
4,2019-10-31 01:25:53,His glasses üíÄüíÄ https://t.co/qGxZXlFFxt,,[],68
5,2019-10-30 23:22:30,Aaliyah is crying because her magnets wont stick to the recliner üòèüòÇ,,[],68
6,2019-10-30 22:55:19,"Can I just skip to where I see Danny again? no, okay ü•∫üò≠ https://t.co/2vp1LedC2y",,[],68
0,2019-10-31 18:19:37,@LordesSilea Thank you!!!!!!!,,[],71
1,2019-10-31 18:05:29,Just me &amp; my Torta ü•ô https://t.co/J6cREnOeBr,,[],71
2,2019-10-31 17:49:51,I just want some really warm brownies :((((,,[],71
3,2019-10-31 17:14:49,Today‚Äôs mood! #Estar√© by @dldmexico üé∂ #yTeVas by @motelrocks üé∂ #ArrulloDeEstrellas by @zoetheband üé∂ #CaeElSol by‚Ä¶ https://t.co/MYqs3y6mZP,"{'type': 'Point', 'coordinates': [25.5421, -103.4346]}","[Hashtag(Text='Estar√©'), Hashtag(Text='yTeVas'), Hashtag(Text='ArrulloDeEstrellas'), Hashtag(Text='CaeElSol')]",71
0,2019-10-31 17:20:34,gooey,,[],72
1,2019-10-31 17:18:03,we keep this love in a photograph,,[],72
2,2019-10-30 20:10:48,@JavierVazkez2 Y daddy Yankee,,[],72
3,2019-10-30 17:51:52,Chaleü§î,,[],72
4,2019-10-30 14:10:36,@SanttyAxhel @Danielfrias__ Que pashoo bby.,,[],72
5,2019-10-29 23:46:05,what do you do,,[],72
6,2019-10-29 23:37:14,@YesseRamoos lanzate a crossfit o al gym,,[],72
7,2019-10-29 23:30:01,@Yamilettmunz This is the university,,[],72
8,2019-10-29 15:25:23,@YuliPerdoz obvio,,[],72
9,2019-10-29 06:46:23,üò≥ü§Ø chale.,,[],72
10,2019-10-27 21:46:18,Another weekend out of my life üéµ,,[],72
11,2019-10-27 18:43:06,Lord of chaos https://t.co/y78roSr23N,,[],72
12,2019-10-27 03:34:32,@Ale_Mtnz A ver üëÄ,,[],72
13,2019-10-26 22:24:17,stay in my arms if you dare,,[],72
14,2019-10-26 18:52:28,WANNA TRAVEL SO BAD.,,[],72
15,2019-10-25 18:29:28,I'm taking a ride with my best friend üé∂üé∂,,[],72
16,2019-10-25 17:50:22,shine on,,[],72
17,2019-10-25 13:08:09,I push my fingers into my eyesss!!!! üé∂,,[],72
18,2019-10-25 13:07:36,Somebody just got in the bus and I could smell coffee which makes me remind of travelling. üò© God I need to get out of here.,,[],72
19,2019-10-24 23:28:57,@trixiemattel you're now trend in Mexico's Twitter topics.,,[],72
20,2019-10-24 18:39:55,and yet i wait,,[],72
0,2019-10-29 18:56:28,"Can you recommend anyone for this #Transportation job in #RatliffCity, OK? Click the link in our bio to see it and‚Ä¶ https://t.co/xEo2WPBzaE","{'type': 'Point', 'coordinates': [34.4492927, -97.5157137]}","[Hashtag(Text='Transportation'), Hashtag(Text='RatliffCity')]",74
0,2019-10-31 16:45:49,I swear I‚Äôm nice in fortnite,,[],75
1,2019-10-31 15:38:46,@PrisonPlanet Hell bound.,,[],75
2,2019-10-31 14:27:23,@chuckwoolery Total lies. HOW do people fall for this???,,[],75
3,2019-10-31 14:26:28,"@chuckwoolery Right?? If this Republic is balancing precariously on keeping the lies of Democrats hidden, we're all‚Ä¶ https://t.co/gO5lmD3ZJJ",,[],75
4,2019-10-31 14:18:11,"Oh.....not today @SpeakerPelosi , not today.

HOW in the name of all that's Holy, can ANYONE believe in these people??",,[],75
5,2019-10-30 20:04:37,"See our latest #CedarBluff, VA job and click to apply: Driver Helper - https://t.co/hYpMm55jy4 #Transportation","{'type': 'Point', 'coordinates': [37.3033184, -81.3386679]}","[Hashtag(Text='CedarBluff'), Hashtag(Text='Transportation')]",75
6,2019-10-30 17:42:18,Never look back üíØ,,[],75
7,2019-10-30 00:19:29,@Im__Bossy Y‚Äôall be on it,,[],75
8,2019-10-30 00:18:05,@Im__Bossy Y‚Äôall be on it hahah,,[],75
9,2019-10-29 23:52:04,@almightygod I hope you enjoyed it. https://t.co/YB0XasmnWw,,[],75
10,2019-10-29 19:47:41,"A family friend took this picture of my hometown with a drone. Not the most popular, but the only one that matters‚Ä¶ https://t.co/CTIehLkk9s",,[],75
11,2019-10-29 19:09:11,@_xkaay Who told you that,,[],75
12,2019-10-29 18:48:35,@_xkaay Hell yeah me too,,[],75
13,2019-10-28 21:55:28,@OzraeliAvi @KTHopkins Feckin animals.,,[],75
0,2019-10-31 18:06:56,"Puerto Rico Government is hiring in #Ponce, Ponce! Read about our latest #Educaci√≥n job opening via the link in our‚Ä¶ https://t.co/f0IQLDhwS6","{'type': 'Point', 'coordinates': [18.0110768, -66.6140616]}","[Hashtag(Text='Ponce'), Hashtag(Text='Educaci√≥n')]",76
1,2019-10-31 17:32:49,@papocristo23 VE A WAL MART,,[],76
2,2019-10-31 16:58:23,Gotta bless everyone‚Äôs tl https://t.co/r7lzdC2yf9,,[],76
3,2019-10-31 16:47:48,Happy spooky dayüéÉ https://t.co/8Atsaj58d8,,[],76
4,2019-10-31 16:43:14,GoGo‚Äôs Dental Care üíô https://t.co/N9Ib8f9H0i,,[],76
5,2019-10-31 16:33:27,üéÉüç¨ Happy Halloween! üëªüéÉ https://t.co/a2fj1Fqb1P,,[],76
6,2019-10-31 16:21:11,this scene was a masterpiece ‚ú® https://t.co/cYYY8ylTA6,,[],76
7,2019-10-31 16:16:17,"current weather in Ponce: clear sky, 29¬∞C
57% humidity, wind 2kmh, pressure 1013mb","{'type': 'Point', 'coordinates': [18.01, -66.62]}",[],76
8,2019-10-31 16:01:34,@karlasofia_18 Thanks babyüòò,,[],76
9,2019-10-31 15:55:49,Mood: üòè https://t.co/wInyQJxKhb,,[],76
10,2019-10-31 15:39:49,The measure detailed how the inquiry will move into a more public phase and was not a vote on whether to impeach th‚Ä¶ https://t.co/0hZtAJHxwE,,[],76
11,2019-10-31 15:02:18,3 day weather forecasts pal‚Äô turisteo‚Äô üì≤ iPhone app.. Android soon! https://t.co/ukOiXJj1Fn,,[],76
